youtube_id,status
QWepLWTflW8,1
fpE3kI1HOWQ,1
1JyApnR4o9U,0
dkB5SsVVlOI,0
lPe61El1_3E,1
_g9RI0GgRIQ,1
1U_GoiFy6kw,0
iMWVySwlzxg,1
irqsrwc7C0g,1
eXAvTZlmYF0,0
1ve57l3c19g,1
VevqDJM8KH0,1
bANgFADltvw,1
7zDmlkn1gbQ,1
0C6nvNlVx1A,1
kplFGDHuYy4,1
QpBfwsw4OaE,0
r-Pl3TQJqhE,0
EEVcrvlYO-w,1
QrdlGPzkMAs,1
d8Ff_W4-4VE,1
TZJCVilXbjQ,1
yJlwArJRkmE,1
7QZB_cbjdM8,1
94AnEUa_z8U,1
MfmOj8Rqcog,1
Fsy3TtA-3NI,0
XQJg_MBHjZU,1
DLuROR8kLy8,1
4Sl4t9JNnuk,1
GwQdBsTpmOM,1
gmgkLvJL4Eg,1
c6GEJoLDcAs,0
rSt1NFGgVUs,1
LLzVqHhi-mQ,1
kT2gnBg_CEU,1
d54tCpCUFAA,1
aOciyf3IBzg,1
JJeNvH2hmPM,1
HvFU1MFkLm4,0
1M6oW6a0iAw,1
xDwT7-3BQ5c,0
8p0YBrmfLyA,1
rZsQJGk__DQ,1
b3z4_gJ5hGU,1
sEuiWLwiSZo,1
rWPCRt-PKAw,1
1mMe-nvLbxI,1
ZS9bJXDlgdM,1
3RhY0Z3FL28,1
p0WBxRosKq4,0
Du9wL74EDZ0,1
wQs3SwCQ15U,1
14Wlst3oFro,1
1uIPM6h1gDg,0
2McaIvOWgEo,1
bLsnl_fdBoI,1
NiOjETWt2wQ,0
eDblDj6BISo,1
53o7_NqrTQA,1
WBMHd6mCSP4,0
0rRKyRJxNRQ,1
F4T2_xFNAqs,1
oyYuYNnSq9E,1
Wuntz3KDIAk,0
Nf5EzJnu2H4,1
IIGAL77OuM0,1
7Lv6KX12Fbs,1
Cn9lFF9eG-E,1
x1srznPx1qA,1
v2pEmWEsmPY,1
f0eTISgJ3Io,1
HdeQ8y5FY5c,1
-Y3tZpAdWTc,1
-ASYRiRflDM,1
DHVyayHXOdY,1
9_hr8oxlRMw,1
AvqjwTQ1Kqk,1
NVbslx3AGQ4,1
99h9RG7Rfp4,0
Jah71XURbIg,1
1O7AX7tqEHE,1
g5nYXCwkuh0,1
M517dGtRF7k,1
AwSaMakzUPw,1
LaYpVhckcL8,0
H3thsAh5j8k,1
oYDde0u4TT4,0
evY1lSaPyjM,1
0hL-fpCsGR8,1
YkX_CTIY2jw,0
uOsxXi-tu_U,0
wWrB-Gbjnik,1
B42mhJ4DY4I,0
LcX1BSUZVpg,0
YG_oxGHXIKI,1
RwWYO4SNHoA,1
g7BPWgjsXSI,1
tpfOhYRYv80,1
5RMx6st2-js,1
7uGg4fUsGx8,1
YOsmy6frNrE,1
ty5exYQi3wg,0
9Lotfqx4Jv8,1
1FyD6bdbtPU,1
1niI0J4kdI4,1
X0FxwPfYz0Q,0
eL25cS0Ang8,1
fUXcjBbULg4,1
Q6kNpNi_iJI,0
tBw_BTLbjJI,1
1m3y_pIJ304,1
k9Ejn8KfegI,1
hiJDbsE_uio,1
rWJz05IlWQ4,1
cPFt_PIaM2c,1
o4Cm2uYymW0,1
GGel7m6Bw9Y,0
2Y41IMoi1TU,1
PHcV9HUfr0c,0
04s96zDt1RE,1
U15kcueM3Og,1
KusSGPyXugE,0
OuLL5R3sb-w,0
rHPTGJpgtFU,0
2KKrcWy--B8,1
8cmSKLfk9VA,0
gIGtDdiHlA8,1
Vt0rz5iPuaA,1
M6gOHxwffBg,0
Nm1zq2ui6K4,1
0WOBWbUzALo,1
XVC6a-ZXJTw,1
sUkZFetWYY0,1
M-VdYzNgtng,0
-yZVme3ToO8,1
9ioRMsPEf8o,1
eZtQn-GAemQ,1
JdfCyow-Tiw,1
eSYNuO9GTU4,1
NW2bqu7URfM,0
Z09MpDVYWSw,1
5uVVWV4FnVU,1
7ikLl_nUM2A,1
tEb_vVT9Cls,1
sua9tcQ14hs,1
0ynuAmC24_Y,0
PuCu1XUGntA,0
Y6TIBzNfWQg,1
C8xkwCMsbUA,1
tfX2C-Zewuo,0
JbNo_tlgYfs,0
tBSbjKyamRo,1
nn-nEk5kpz0,1
AQ0P7R9CfCY,1
6_5QkJsNCho,1
-LjxKR0q7Yo,1
Nv5IE5M1raU,1
3nydBUSR08o,1
YM1fyqzHWLA,1
qI1uVLUSgBc,1
F2zTd_YwTvo,1
4rG1UNzgzBk,1
-c_ctZ4lUCk,1
BaFBFmJG-LI,1
4ybEyyoBxts,1
S2fxN2JZ81A,1
RFAfyPXisjQ,1
1rJLf3JIYtg,1
0FNk4sNdPtQ,1
jbXNiAQHn_A,0
VOVOizcl4Gc,0
yF0WIBF4lBw,1
zLso3zVuBMQ,1
oEtIf_2mzJc,1
SN39w-Bnlgg,1
yFUJ4FYajl0,1
7Xh1IoF_UsY,0
zlN50soLpYg,1
v_Sx3MadgB8,1
BqFJbBzHHs0,1
LmsVo1IixJc,1
8nHwpjCIJqM,0
ZdIN8OEPnQs,1
BPvZa789l5o,1
WDgtm-2aTbg,1
PZ93GNHBHsE,1
BKePhdwuxEg,1
eSBnFu1YnrU,1
2me9RIuMn5w,1
Jc3GBDJ2sK0,1
spu_6dxLcok,0
CB-a6fmj21U,1
gLKQq3umSsk,1
jm73CCe1e4o,1
iTvltyl5bBU,1
Tt9v8E7Owxo,1
mp8chvACVBk,0
0DFBoLZC3Bw,1
uE-l84hG_BE,1
NBRHljOdrh0,1
7DfNc-wxnBM,1
-kO6stiUcsA,1
Cbijjb5aLYo,0
g-3_wlojqxs,1
_DUK8As4pv8,1
al-tdoT3gL8,1
xFkARs9CHaE,0
T3RdfPKtGl8,1
aaU-KRx8Zc8,1
I-wVZuIRTqo,1
_YfbSVO6nz4,0
y22EF_-U-c0,1
hiiXna_kUY0,1
ptiXfr5lJl8,1
avpZbvMyvAc,1
2OhX2TqcKDA,1
lNWV7T5KlRE,1
IaAhl7maKhk,1
r31CW5yuqjw,1
EKdQ1jASEmw,1
Qub35DMB63E,1
a-KQ5h6WmJg,1
KzVgbCFwn0U,1
p2VFT_Aloaw,1
QflHaPOXcA4,1
1vY_vdWWX3k,1
L5-JXPcM3RQ,0
3ZQFpUxopm4,0
xPP7uFHcWZI,1
WfUTDlmLMFk,1
Bf4YINfjQaQ,1
cZP3u5XAeHk,0
bQbH32KcjG0,1
LDVGyAUHFlE,1
Cx7ip9cWKJg,1
1nqF0ddDc8I,0
bwqshieCvmg,1
eMURCJgRJYM,1
2CFBewOReY8,0
lgyaCwRCrDg,1
EC20KdIDiEY,0
TaOTPhkNkbw,1
pMoxr-jgd58,1
xP7cQnOcU7I,1
yeeDplCqa4g,1
klsfhLJhkeU,1
4IpJTG-R4K8,1
ceTBcVLeUtI,1
kFa1DI_4vEs,1
NWfz4zLi640,0
PiyaX2sq_wk,1
uantpWWcsZc,1
TklrBmHo7Do,1
6KgxpUSWsoA,0
ntC0xJo2bSU,1
4M1mi7Ommbg,1
_XbL7lG0Su8,1
AM5EYO5wWMA,1
IEfj3lH-scU,0
0klA5lTNwyY,1
Ku9rtTERy1A,0
SeBHPzqiUlg,1
e0WpcoS_fU8,0
jN_ftt-J7S8,1
z-5iCygFd9M,1
aJoVRUNmqIY,1
cqlk4EfEDJQ,0
VcbjbQ-K-CA,1
6cwIlJvjP6k,0
Fk0ygj8xA2k,1
BQpfa9RZbTk,0
4WfCOqrgbSk,1
sU5PVNZ1GSo,1
c8qfaEdYBJ0,0
Q_bHEwqrufc,1
odPx-COnC4I,1
U72Ap0dAveE,0
eW4wR7-iOMg,0
zTQFXazjStI,1
MRlOr9PyiWM,1
Pu54Ka5I6lc,0
CR08UnlmGKc,1
RZ-__QD99DA,1
KaUEDYWofJQ,1
FXZ3JnwIph0,0
sTI1U2BiTNk,0
Nt9wqkbXyyU,1
0iAHJLQDEyQ,1
n13FhFrtu_8,1
lnlOiXeIi7k,1
SL46k7bAtiA,1
0I1Vh-Ru1z0,1
CMbI7DmLCNI,1
qKYRwuoqETc,1
XEBr-jUNgS0,0
i-f0M5TqmsY,1
aVv3r2pUtFo,0
IqX6z6djbD4,1
OWBd1N-Fujc,1
M0AI2bz3IEQ,1
3wtgdxKJI_A,0
3J2Hm85PD2E,1
-v8C1H99O_s,0
F386jqGfMVQ,1
IthAv1JkF-0,1
ji4pvRXDMOY,1
eUwEHGDkZIo,1
xvi62S5Ou_E,1
1_-RGLVHmOA,0
cv36jml_lAE,0
GF17iwV8n1k,1
_3wnaxan4qw,0
a2gMY3TRx8s,1
O6KVfajjyGs,0
tesqTwX7cpc,1
DA2JIQh96iI,1
8jkM1zBTJIA,1
jSbmgZG-0Ng,0
QusNwW8bAoo,1
NocIDIeLTqA,0
_c_ufaxeSTs,1
YTadpFs7QAI,1
J1rrdlXZ-pQ,1
OkrJTqGkSWI,0
JU189rHBIIQ,1
Z7KYTavLTBo,0
SJhnQPZtv0M,0
oIX2FRqV3h0,0
9qRTyY2oObs,0
H6DqWP733F4,1
kMkxtj-mu14,1
G8c6j-LS-ZI,1
0foXV1hWrx4,1
6dz2gdXP6Zs,1
8MnF5ok8llg,1
RUX-bx6rwdI,0
mcc7HSbreD8,1
YnKV34oNXiw,1
f4zl3CuJvt8,1
ArlsU2_cUbg,1
Q0EyOxePWgE,1
r3OBn1Jmnvw,1
USzcEbF4GF0,1
AHHH770W4Wk,1
W3c9wtbQTZ4,1
8Wou-QRe4F4,1
f-77xulkB_U,1
j_Mg-jMnweQ,1
d-FI10IypKA,1
tmZiGfLVs8w,1
PrpeARyTcx8,1
uPAXLQIxBGY,1
AvpTESNCcFc,1
S1EsCWrUY84,1
Yrx2bv_LoG0,1
uD4GclR6ZEo,1
nH40NtYdL-U,1
mEPcdSaEXEo,0
A1O8mRWajHw,1
AFn7Ke7tA7s,1
hw8D5KSx5p4,0
nSJxx_KUEes,1
pyyquXhcSk8,0
o3sj7nGzC64,1
HGU3PRBxQiw,1
XqWlDXiUkS4,1
7HHCL1eRdVo,1
wgHRj2-vvs8,1
Cb1Pbk3gQSM,1
YBOKaK8NMwg,1
m0uAIT2O5P0,0
xWTl-VE-7Hs,1
tm6qzug9AS8,1
0_pBgnpW0i0,1
qemi7V4jUjk,0
eyb9SxnHs78,1
eRRG_PNOQmA,0
pp3lD7bR3AM,1
WGBw3zwzqwI,1
LDnFpgimHH4,1
FGksj-4S8uE,1
GO4D8MjC6xU,0
4unk6siO-tI,1
R8MHdj86Ye8,1
tIypF4ODIsM,0
9Vve6PAxRpk,1
KBUVZlTNj_8,1
yehCJ076_zI,0
0I84IUKomh4,0
oKcbalkmH_Y,0
tS5jpR2Je0g,1
zESaWKHX0K8,1
2XV-EU8JlNI,1
Zz1Lypwfwug,1
Il5lC0E0nqM,1
79qvUg0W_iU,1
Fh1ZUliQDFg,0
0wC8Ab5AZeE,1
Hb7zhYzenhY,0
uV5YFJgGPNQ,0
fbc0TS1kJ5w,0
0CzE4lV5qvU,1
iDTzZvuZvAw,1
qsR3MK5i9hQ,1
t1x6i73klIs,1
5xIU6_w6ohg,0
qFsoL6ed_2E,0
6OSyVByPqN8,1
oNKmoTQkte0,1
9V_bukpqoPY,1
w1HXCMxPExc,1
zGFuiIkNKWw,1
NwbHALnNU6A,1
BfgvaB5CK4Y,1
dGFrhVeMm6U,0
lnf-VO8gIGg,1
NDW6AQjK3Q0,0
VHLbq6oeSyw,0
oLPTh_DaPa8,1
mu5MteoR5gI,1
gbu88CKkEzI,1
2A60QcsJtlE,1
sIB8AdUqEqg,1
hkFSMV93VeA,1
Q-BviNtL0PQ,0
T4V4NqEU668,1
Cq_Fag11NRg,0
1qbYMSC8ggg,0
LruyfJJT7qY,1
McBW00qkAlY,1
dzw9h7GnERM,0
SOqIk3Qnh4o,1
FDfUBxkDaWc,0
J_dxV55xix4,1
86p4-80so5k,1
7-YQ7rO_JSg,0
vEfhLwt-8wg,0
P10AWBi4-y8,1
d8kISdWH1eM,0
SCaYTDAGRPk,1
4SWqNoW_zI0,1
LOR4QaROsCw,1
FY48CyB45aw,1
SgeVcJ2fi_g,1
nhKgGtFIqXY,1
gJyibprvYQk,1
S_VuTeA8Fiw,1
Fbt2UUthWg0,1
sqmzvduQ-JY,1
8XTt2uGxh9E,1
R3W7UPdnULs,1
1UioiuQPQp0,1
6NvDZa8hWSs,1
MyKAZbH0ecc,0
ckremwNAupg,0
0JDyXQvCsOM,1
wzSYH0nT6Qk,1
QCzH42efniU,1
Y0p3egpGwAI,1
8zUemCOntvo,0
kaU2A7KyOu4,1
P8nW-n6YPlU,1
-FyVSeNTqJM,0
RWIS7olVbGE,1
NUdeuIj-yKk,1
TAkyNyQBnyo,1
Ots-djawKDU,1
TpGPSRGrL3s,1
Y3kXNEX1Ghs,1
U7NF1bLV-gA,1
wVjMWkCrhkY,1
AO-VFDYy9Rk,1
EZAhe-7CuxE,1
MLUZZtEUiag,1
-oCLDHEt6Rk,0
Id3vqOPHk-4,0
NiMtCyeI_2I,1
GKh4VG9YQ1Q,1
urdf4g-LXk4,1
P_8O-iDvlmA,0
eWL0obbYYOE,1
Kf77U50ZHLk,1
vyQHWSbBCcQ,0
sT-wJhtlMGs,1
cniwN1YsUW8,1
0NSaw4Y2vMQ,1
JELOhEjLgmU,0
TuJc951ZItQ,1
dXBUdCvqpNg,1
MgBCnwI_Hq0,1
cFZWNfXzFLU,1
zhXaZ2a1NcU,1
nCgg5XIxxjY,1
o2xprwwIMXM,1
pgET7AHDk6Q,0
_e917WJMzl4,1
MZ1Fd8AuV6M,1
4JXYGajS87g,1
GTIm2c396cE,1
TZoh3WNN0cM,1
wUJccK4lV74,1
cH8W_cTQQvw,1
HZJ7Y5JooZM,0
VtkM2SPaSJ8,0
vyANzgL4cVI,1
zW7btaVY-Lw,1
wxb_X12HZWQ,1
7hrG-FtbWsw,1
bn31G2SHkVE,1
9OM-V74IaP4,1
71aHFhAhw5o,1
y4O0JlRcEww,1
SR5BfQ4rEqQ,0
C4y_tu3LYlo,1
I3Mg_5wqewU,1
-hQ0B4iKUv8,1
UhdHI9pGEFs,1
vQyK7Re2-Jc,1
EazyotKoBqM,1
vdq609Xci-g,1
0HeFVAgTzK8,1
xhcXLeRqsu0,1
3b83qQTG1D0,1
Z04G6YSuolQ,1
_JuHsTbZKqA,1
nKdSvhCg3VY,0
CsZUGoa3JHc,1
zQydroqGFbA,1
s2A--QuecdU,1
df0j-m8xV58,0
twcbKbLQUuA,1
0668UNhYjXg,1
eswi0L8WNzs,0
AFtqHFfSmns,0
NzbhbetwYFU,1
a2872XpfqKY,1
WB9uluVLP9g,1
untT37sGiyo,1
-DcADWUojB8,1
MCo6TtUkCWc,1
XAWdzV2Bafw,0
IyOu9xCNMK0,1
9GxFab5uMPc,1
fbrN51dPm0I,0
yl0jujA2jLw,1
Jxk0QX01quo,0
4Qrs43i_S50,0
KtekLRYl3q8,1
FuXl-Pmr5kc,0
b6SOulVXeCM,1
iyCGqtHiHhM,1
rxKp6tH2AKU,0
ixFEwb_1ZPM,1
Er54USCnsds,1
SBo_lVxU-io,1
8GPu-oZ4p64,1
77aEuIlxW5k,1
9DnwftHQZho,1
Xda1Qp2bacc,1
x3jT6tQ_gJk,1
LjOibAVPQKk,1
_vxVcxYCyE4,1
LWkbKaDHXbw,1
tskuP_9J2RY,1
npwnO-yPp8g,0
mzZgTmwmkfo,0
ye_E3_ik9gQ,0
QZOCwt_oy-w,0
KYibTLiqYlQ,1
84VVZEw9vBs,1
_mQAT3u8pXA,0
BMavwaPrc4w,1
6DZ7DfrTDds,0
jC9SXNoSz2Q,1
ZtrhzVGMWZc,0
KyR7XB0VBPM,1
Fz9HnTVx52g,1
5rKn9BNhQ0Y,0
iaIYk3DZKwE,0
s-Tm3PCupyE,1
mHJH39bjALk,1
ARiiTfQr8CE,1
EGv9Qpz1obs,1
1-rmOabireo,1
dkcsqI6hZz8,1
aW_qXKNDWtU,1
pAs8uvKNkcU,1
5e1HomFYPtc,1
f0KpM0-h1CI,0
kRZDSvsdZ8A,1
b2MKKJAuijE,0
M2V8jSFKVw0,1
zVx8-px96j4,1
NJmsKhstdgE,1
WhzAk-XzmYQ,1
h0terCPG-xE,1
Bu3n2LEcUbg,0
JMJAl7PfSlk,1
b6xbga06ApQ,1
BGZZ7s7FJlM,1
1wk1El1twDk,1
mDUSjBiHYeY,1
tBDHJCVi7_0,1
jYID_csTvos,1
ZoU7qMRORdk,1
6f24cpQ_Q3k,0
mS5WLkb_Cxk,0
9CzZuCxR65A,1
NzfSLgWkTlY,1
pOgf3IaWlgU,1
Gl4JhBqWim4,1
PtgGWFzIQq0,1
oh4GYHtq2hY,1
Xp_xKQZigM0,1
olxqe0CQ7W0,1
r74QbwaIWFc,1
xcJXT5lc1Bg,1
xTvdOjsJXRY,1
AD5ZPxKC4Ww,1
6rl0rXHWtbQ,1
4c911OBo7Aw,1
BcRXmoGWHtQ,0
1d5LNfJwIBc,1
_8LrZ4NhPmk,1
qRAE0UOMyB8,1
5pQJsYX0sLk,1
f1gNWDY4gUM,0
3wBZ8asszLg,0
dpAoVOU-q60,1
XQdE3ydNvCU,1
le6AAhqa_8U,1
80sCD2p0W1Q,1
-VxPZ5gJGYM,1
4S5jbL1-200,1
eCfvE03ufF8,1
m_KtsgEoK4Q,0
gxEkXiYqCwI,1
Pwv4avomXYo,1
BGDZfC56qEQ,1
bu83p1i0D1A,1
FD3Xh_Qez_Y,1
YEJ566EnNgM,1
8Gu2ouJNmXc,1
3Ojowp4mMHk,1
oHeh8nSghcE,0
R_ywocBuk2c,1
N5QghiVVn4A,1
ti42vZVtgvY,1
36LnnBNcETk,1
8ExIPKUEZ-4,0
wAZPdmo7LVA,0
03NoI9KiZOk,1
Hh-QeqsDXKI,0
lbdeAhpIPhE,1
03njJ9LGyFM,1
lSTkEHpkMf8,1
Zabxs1tMXJ4,1
82IXVFuJllI,1
b3-_iO-BJ7M,1
oUQ9ZKUt2XQ,1
MeXoQrJwHXY,1
In9QzIAgiFE,1
8aQFiCfxz6M,1
KYxUZoMU9Nc,1
DHMF-bVxlkc,1
SG4I8PHp880,0
YBRg2qsJ94Y,1
4ya-OFbWtuM,1
1IZtDOuubT4,1
D8toNFLjKjI,1
SlevfZtVLp4,1
k2pflKJO-Mg,1
Ar-hnj5Zsk4,1
Zml7qQpL8Yo,1
EXS5TiBYESk,0
0jeLfhqqBkI,1
MMuen83l-Sc,1
Edy6YVlGy_A,1
ujH4hnVthhM,0
X-3TvjRKYPI,1
Uv4YAx1nqDM,1
zzHKiJ3H3cU,1
PBQQiOfgnUY,1
qr7oBpkkxIQ,1
DMeR-bkC13g,1
k5RSJb8VGwI,1
C4o-zcihGN4,0
GR0R9KfU4tY,1
mKdz5x4_jJU,1
zZaA_9hN1Lo,0
S2USu1oD_-Q,1
Fe3c7Txx0Sc,1
6FJfcqLCkIc,0
rQP1duR2tf4,1
q798YvcTBik,1
lIk-3o2CkM8,0
n1BXpNTsoB8,1
VhRkUhY8MlQ,1
vwuzNeawBm4,1
7DlW8IgIA3E,1
FlEMCYU5M48,1
eMOS-m8FH28,1
DIfRtRVMvMk,1
fCXWwJcplg0,0
EuSGUhhmYfk,1
b2mm79vRuzA,0
cHJd_bAK9C0,0
tjRYZON0o9w,1
DObuqvddHkk,1
-Rr7JJZvm6k,1
DVNR8by3jMU,1
1MUi4ZiJUsA,1
NfVhhdXvW4o,1
MOuSrB5BYJM,0
GGvLnf_7pHI,1
_syPeFclyN8,1
89hYiDNscBE,0
h5Qri9_giqQ,0
U2ZOhOknNc8,0
42ikB9YlkW4,0
QOCLLi8inz4,1
JC2TvxRIR4Y,1
cVA4BO2v7zs,1
-kFJKQvCrkY,1
uiy-sT9JgRo,1
AA_yIRZNg1s,0
fERCwTTOU3M,0
kXnEMLzzG_s,0
DA57Q2dbp9I,1
JDUbtFKcf2M,1
Ns4Sj8tVWP4,1
P5ooU8rf1f0,0
oDeQU3l-JSg,1
PUXHIqGfkXs,1
sQJHb0F2Tyg,1
M-xglYg-TTw,1
PaRrQhLYFSE,1
e9LJG1JcXDE,0
w1iNrckWufI,0
_wNYNDzKpuQ,1
LG3sWg6x0hw,1
7VuBVc11HXE,1
-QNxYSDdpig,1
Apwm3CGr_dU,1
jk7jWDbtmj8,1
Xm-UligdIrQ,1
tUDgNUjBris,1
xWShDNB5XZU,0
kqEj45pk6aE,0
gFmNKbF9KEU,1
5paBdZiLhqQ,0
-38cxZ5MoEs,1
pa-oUPTr9LI,1
SWQ4ylxYZUc,1
v4P4cS5jKmQ,1
7_uvEuNwUj4,1
0lq1JIWQSlc,1
k1vOq-yi2R4,1
Gor6z4YDPhU,1
dtMWnS0ySEY,1
YNgFqUzrNXk,1
PaYl9YVeXhc,0
zkfyxr3ZRTg,1
3byjPB2VTE4,1
d_jEVMQc0ig,1
o-g4Sx_eHYY,1
OjHAZWyckMc,0
BRccUGaFz2s,1
OqVyRa1iuMc,0
dDtFWw1mZuw,1
BCHi6DrWgjI,0
YzPiLIOgC44,1
HZCaSyid4m0,1
QTKNzDn8PzA,1
184hH4AknlM,0
u74DpEZeHbg,1
uqeGxkIdBiY,1
SpXCbeMvRoE,1
hbki4pbNi10,0
8w_naC0saGI,1
vtxPupFohQA,1
er2a5WhYU-4,1
6t7PQqQjYEs,1
YjwB9d1tpJE,1
3BSdoHadj2w,1
JubX9ybyjHs,1
QM8L-aK-c4M,1
rDI9ACrLvEk,1
buNwwAximcE,1
8fnhN_Jt1Q8,1
yMDjHL07e18,1
MGsGQAu3aNM,0
G36NDRDO6L8,0
GNTdNXkhZ8Y,1
sxWjygcEqRI,1
hFqDZ3vzyRw,0
HKDxpkV14IA,0
WrQdlQo-E5Q,1
QoYlqdBtRSw,1
cdtPJElK7wI,1
iUZ3Yxok6N8,1
DjTRf509X-Y,1
0AspXDFcGlw,1
p-zGZTYN9nQ,0
hr0hb0gc2eQ,0
VsdeqOdkdTY,1
eWjLy8S5uyk,0
PpD6HmPdadI,0
v5wBisDJJ5A,1
AwDCN_wZLyw,1
TGqcz-Xtd6E,0
XHDs1-xfuNk,1
lpwrDEfCESg,1
7ZTiTigBUQ8,1
VHMi-j7W2gM,1
1ESVngpn1aA,1
iJ-CgEEmZ3Q,1
aIm1ZGm03WA,1
NMOjCohQbXY,1
tM1HACwx1KY,1
zAlzw9a62TA,0
L45abB8vyEo,1
vjmZGaXDRHY,1
_th4Xe6Dsm4,1
x4ET14QsbDc,1
ppjyB2MpxBU,1
LjVPGOK8Cgc,1
E9v4TSOvOIc,1
0zHmeTeLgMY,1
O47od13_x1k,1
MaOG_xElhls,1
YY4kKO6wfyg,0
Pkt7OaGwNi4,1
lllLnc58CoI,1
cAwgV3PcwWI,1
My4ojpQzoWY,1
JiI91igl180,1
k7Zz2y_CVbk,1
PR9wl4Qve5E,1
pCHHv7ojfiw,1
5gkiHLA4ZuY,0
p3VeYSCfDSA,1
YnpV0k673Ug,0
cQ_dL_IMPP4,1
BoNAEfrI2oQ,1
NyS81GX7kfo,1
l4srSgqgncU,0
YS3LL_2i-fE,1
Isof3ww1UPs,1
4tTTXKxHcKY,0
UtS2awRAf5E,0
kUlXr-ZQ-NM,1
c6dmj-WpTW4,0
aVCOzbRPapo,1
hIvipx6drZw,0
RitnM9n0jTY,1
GEgAjAcOlAY,1
FH7PX0Q6RMk,1
rT7S4ycppHs,1
65XtOM1UUGw,1
8Qi3JERmk9E,1
OeSwSYmipqo,1
1D-v8EcGV2Q,1
vswksYP-lWY,1
6M6cpjP7GIo,1
N7R7GJxKVgU,1
I73sP93-0xA,1
Fjj4a3zB1ag,1
uuUEqTKn5Ho,1
e8qV88sbcV8,1
NARUgQRZhL8,1
RVbEs5DBPlY,1
K-xthcJWXn0,1
vnHkr84as-4,0
Okkcwma7ric,1
dNwHQsv3tgE,0
pE4-ePx_OAI,0
d_OcnTtlLGk,1
lRQVJlU7lDY,1
z0oSKrth_bg,1
j4ujHOSbQB0,1
HhZ3H18ynTA,1
Jina0muBqRA,1
qCq0IXXi_2U,1
X_7AsNN0qmc,1
S1Z27SeIIV8,0
M0N1Q7Eav4M,1
CGyrZsSzvt0,1
Fyd8tAhnKig,1
7w2iVXAHiPk,1
DurMO8Ayhn4,0
xTyEZA6ILOk,0
p29GuFPbzsg,1
Xb6svoM3UWE,1
dakDA3bY_6E,1
KlPjJx6pMNA,0
EF2WHYOjGhE,0
9iZFtT4aShI,1
U7McMInDG5o,1
4u-4PyidIeQ,1
FJX7JYjIbOg,1
TQ3wXC5jqKE,1
UGtS3CL-zpo,1
FCJx1uV38ZQ,1
AR4d7r6--I4,0
WwaXYra91QE,1
gfQf11WBbw0,1
CWIbQqbivVc,1
LLTFbcJosPY,1
wqvnT7u0mSg,0
0O1-u4vyKQc,1
nL41zq5Ttic,0
2Vw1_oUzaNs,1
spbfax8dOTk,1
07FdVcspOfQ,1
Lkxbuqvb5A4,0
4aI9-g_n_OE,1
-mGJJ3CyCL4,0
NJ8rJ-i-OKE,1
S4AmLcBLZWY,1
hc51ExPQJcQ,1
CYer5nO5JpA,1
BRV1CDa5_Z4,1
8kBKeCR4xiU,1
gL3mN-UpSyQ,1
1KdjUNIcP8k,0
jSvTqwVpuhg,1
ccX1d19hmc8,1
6_nHubnKxqg,1
srDyToPqozI,1
FfdJdZ5_guM,1
wWBQ5ra0jP0,1
_bsnYbe6Dp8,0
b9EAfTyu5_I,1
_ZrJXN_vrBs,0
pEa07GOtQs4,1
nhdJvVvfWwo,1
l3QhHqsgq9s,1
y_U0Jc1p9D0,1
VepWTt1DzTA,1
Hp7zxA4BsKg,1
HyXyQiiGFGA,1
LDsysmP_8yo,1
oWuYilt9hX8,1
d4ftmOI5NnI,1
2fEZc4acGC0,1
p92CKGAeQUY,1
EG5DHsKNhKs,1
hfW-fzTbpRg,1
C1NgX-w54RY,1
m7_LwdyNsIQ,1
yotE4ykAnPE,1
0bUGMqQU3TI,1
Uo8_Ev4lnpw,1
ymjvQZ6nSd8,1
1f7NhVmJZc4,1
d_t77ai5GEk,1
3dMF8cHKHZA,1
Du87BUiTDso,1
KcEd6ufItl0,1
HjI1Of2lfhs,1
e8I1w7uGvzw,1
cTmUaCpQRaw,0
XHHg1C8LGnk,0
YBqruLJZAcg,1
BMVmbqSR668,1
FcFtBqXUud0,1
dPk7S_LiI1I,1
jIyn1q4Ilpw,1
1BZoajBwbac,0
Pu3BkumJXpk,0
wSEnh8Hi62E,1
-ncFDuKdgNE,1
8xM4TA8800o,1
tcR7LgBVTNE,1
K4BhEyjFyeM,1
igMB5dko__0,1
HJR7A98vbgU,1
Ky7rHZmk9Yw,1
OC82kTAQZew,1
JBOq0nY1rQE,0
G1APKgyX5nY,1
j6gLJ4_sfG8,1
xn8jQ9Bqzbc,0
7mgMuJvM9-I,1
a_OuIUbxu6U,0
zjwBNUXCA-M,1
117FZnev4Os,0
U0get4DzXqA,0
OycK5sRs42w,1
pDdLXHtAY9Q,1
iFpB2_WOk0Q,1
tRjAmXgY4b4,1
sp8Ufx3Ej24,1
3z0t0O6ZIPs,0
UDTXyP1Zf88,1
OEXhftas_3w,1
SdNqYGbc0tU,0
gRGbGI2-kPs,0
qjKhJnrMamA,0
Lz3XcjwKGmQ,1
Fe2CpAhZ9w4,0
9WpVeYgwugo,0
OlqErSr6Rjw,1
kX690RK6F4Q,1
YOTAk0JeNa4,1
Y15DS1LKh4g,1
aSU71Yy5QbI,1
r0Iq2_euH44,1
YDmULxspTJM,1
IXAspN3nQSE,1
WRx0b993Lj4,0
aM4Gyz0kd3Q,0
v79foBIrar4,1
ew40D96la6M,1
pl2HDVRj_4o,0
ChcCflTm4-k,0
imqxwGDXQ8o,1
9gdhd-EerNw,1
LGoKKhQPggM,1
NEcaoimX3qY,0
heWv0o4yWtY,0
XqLbbRP_0xc,1
iplfWUtKMzI,0
pYBS9Sp0xU8,1
xMLUEmzNKkM,1
9AN0GzCOJQI,1
jqMu1GkkbOw,1
Wq2Wo9lDdiE,0
v2eeeuPoTV4,1
THLll7d7Dfo,1
pnTtzyItCQA,1
i3xjZomB1s0,1
dp4qnnVSk8Y,1
zhnB6vIifkc,1
sdb8G26294A,1
sKFlL_G9S0c,1
O3krM1Ti_ro,1
BIgKmqnXkZ4,1
d7mVVGifDBk,1
ZiXcZtfAbf8,1
uZ0YGah7MsE,1
1LDL6H_on2g,0
cjS-Y6WsWMg,1
XG-c6CmPo4k,1
jn8x5-jz8wE,1
plovZLxlpGk,1
aKnvOP-1U00,1
SFHSKaQESeI,1
f8znwPYsuFE,1
N3QST5By_Bs,1
rAEv7dJC5Iw,1
9Jt-bxV1gW0,1
undTPa_iq1Y,1
a0DjTrQWzKI,1
u0kF24ceZMI,1
SiUT8u1LckQ,1
VFyjS6ey1qc,1
bnirfz_7CbU,0
8UQpUt9CvTg,1
mYZGSfnk144,0
Jwaw24W2bW0,1
tjYSxlqLOew,0
n3PGfjyctSQ,1
vRfZjFPqepg,1
083OMBnPA3c,1
zB-hQWVCwwU,1
kNMc5CKw4G0,1
DHUSpAtemfg,1
67K9zxi9KqI,1
QNIla2oQuBE,1
oIDmoO63-3Q,1
wNibi-NWW4o,1
wXYRFo4rrrw,1
jtQcr7lJXB0,1
3CFlKXTMBlU,1
Ye_r2-Fu7Rg,1
2o8FHBkV1TI,1
P3k2UGLSW2w,1
fnH1ZtugoqU,1
Eg-X_608toc,1
0-0MyjmphsA,1
4StSF3YTpeA,1
KlfCBX2CwMM,0
75A7PFuBqFk,1
pQeQwYs5M2E,1
6hxOoM0-NJI,0
nuPd4L7_0uQ,1
CO6yUpPvY7s,0
Jdyo4evwMxU,1
K2qNJ7IzzqE,1
3E0RgIrgWN4,1
pbmU2wMnuI4,1
AOh4PeDIkWs,1
s-D79Y-gBrs,0
hQCN4nBfRuw,1
GHKtN9jPK1w,1
3SiGgXIYppA,1
JDscDHhMvEI,1
8jN4i-6ikWY,0
EUC3JOXJBYw,1
ipkF3xkP63M,1
DkNQd4wTicI,1
dUZzRhG5hQY,1
L1YN9QMKpBo,1
UfeogSVgTsU,1
cFXOmMmo_s8,1
CeMiILVlZgo,1
PNOuZUHKneY,1
P7JKRDjM_Vk,1
E6KKYD3eGlE,1
uF0_6SHSIrg,1
LAd6SaXDdZ4,1
ssukL9a99JA,1
AZMg4vFcRQs,1
SJB5InL3g7I,1
c7tvfdSjRE4,1
dwT9BEh7qZ0,1
rYeQb7xS5_Y,1
wmgYAmOuYF4,1
thyfYONK0Hs,0
EV5W98Ql4vQ,1
O5s3Oj2cPgc,1
yWZtEE8C1x4,1
r-briQqhGZY,0
mTHQ0fQXf-0,0
oNFJr8aUAtM,1
zxJQgYPXjN4,1
_0Lv9MPocOs,1
D0vCzkK_AJ0,1
QuxegP7JmIk,1
YTDzEExOldk,1
puTl4fNtMmM,0
lJIPM69YQNY,1
Mjkt4UgcTmg,1
25_Kvrl7agM,0
sHK-YgJdhbc,1
T_SHaqh4NdQ,1
JgYPxPGfaRE,1
udVBdgHgutE,1
AgJE212GTcs,1
S7ZhqwAzKTQ,1
IQp7gtX4w0U,0
BoohRoVA9WQ,1
raJqTGZCgBM,1
U6Lt17rALrM,1
ZDNiFd5915Q,1
uXsQ8IIi6YI,1
BYZvduGylCI,1
MtY-bkTSw1Q,1
jal6Pf2DFlg,1
k9gmmK1fgnE,1
JEcfknHqMyc,1
nT2k2zwMGdw,1
6ZMZYrdXtP0,1
jzzrFFivBKk,0
Sq6E2exynew,0
qfJfRx2IAYo,1
vMun8qu1PV8,1
c2gZ4aOYOw4,0
2nFh-kxiEng,1
TQXuazYI_YU,1
LxI6-Tf7G_E,1
7W78nWDG95s,0
etbRU8bbzZo,1
KBHxDisxAwQ,1
LIIz82ZUCQY,1
BBWQchYpjqQ,0
mha0N1Cx1Ck,1
ZcFzeAwextg,1
9sWnQ8y_M6A,1
phy8eD23heY,1
3opWe1RlYXo,1
e9Ul8x4TNNY,1
39zzDqksCHc,0
gxaGlmLPIZ4,1
2Fedr47ugbM,1
J511q05SReQ,1
ShlLK2gY1OM,1
sAtsZPmjExo,1
Bw5UwRasras,0
Vd1j1GAExH0,1
E8dH2BEj5Os,1
XnJvHpxr1Lw,0
cNLFuTms4go,1
tAOaV-CCaxQ,1
OaXBJqgBDhw,1
o4UVXgAzYb0,1
bt6-F11LZsQ,1
eSGG28XZHjU,1
V0MF8uNW_gc,1
mDXU3KxBpCM,0
-7-C6lSAfOs,1
VNZWp3sMfes,1
Gn01fmMweio,1
jepTSaMF2ZM,1
3EWavFI1n2c,1
YdGNTVTR6-Y,1
Cf3YdE-vMyE,1
ZTT1qUswYL0,1
qlUmBE6uGu8,1
GLZXGflTTjA,0
gwjAFSu_VKM,1
JsFO0ZY7whQ,0
OfsHMuWn95I,1
XHrw3AFW0Z0,0
ZDgFAFQGZbI,1
T4Z1mnjLwiA,1
Tctj5QlA3EA,1
Y-N5lfNPLnY,0
IFTHxZ22woc,0
v3aqGRzL0BY,1
ElCRQEVFlHk,1
bJNpX5bfXcw,1
Pr9ruvxA3K4,1
vGvDCmuDKKE,1
tMloJs08qhY,1
jgOMHLuBup4,1
ZDAg53dRzxU,1
YkNuHwOhE20,1
KQcLnNoYMWU,1
lhQRz_BP1v8,0
93tR96egox4,1
GrrhKj93gDY,1
YGQZwZadSfI,1
mQAlpiB3_FQ,1
NvxttHABP1o,1
njNuTQqDHXY,1
0E06CyJF738,1
x6oaXdPsiN0,1
lVg2pm0YdQ0,1
wBxRwF4qnhU,1
k8Do9tamQSM,1
pztBJl6IQwU,1
VsY2nWGkzfY,1
06yqAuIbuVw,0
dC1yHLp9bWA,1
R4cgP1_M8ts,0
n0WvGpM9cxw,1
a-SnsqKFHLY,1
XyHKfYcZfyA,1
2xRNmBGvfSk,1
4_TVLeXF72o,1
o504Z9dWRqs,0
9enPC37mHrM,1
suvJai5IC6c,1
MPCDtFVH4kw,1
mHzQLJc5CTo,1
EHmjP1BExPs,0
oQAqWa_86vg,0
_NrqftLip64,1
enJJeOqHbqE,1
HkL1a-vVG3s,0
7nafQXq_Mhc,1
W3WRCxy2ZaE,1
GH4IhjtaAUQ,0
MIGDyLqwY7Y,1
oIEtwZK04wM,1
ynwah7YV2LY,0
V5dA92wqmME,1
6f1jYUTo7AU,1
TC3jtcaXy9A,1
sOgO4lPPK1U,0
xam8pRUej7A,1
oSpMQ0WtrSs,1
bvaEvzNMK-o,1
VMVzQ8rW53Q,0
0DorZVMVB48,1
VD2l6dCggOQ,1
5bP9GBBjhA0,0
LVqEiSdNO1Q,1
CuFPekjmQCU,1
773E6GPll3A,1
XGmHx9PAaeE,0
FIGm0YdXotI,1
eCR4DIi8SzU,0
1LxDWSYgiUc,1
9yut_azm5yE,1
Iflbh9yPTJs,1
XD6G0YmKOjU,1
i3K_Gd8jwgc,1
NJEhQrn_EjM,0
PdmE-Ga0f5s,0
vFZRBXClgEA,1
BT7WTaXcPLU,1
exIGslwFcMI,1
mb2bzOdITdU,1
OuH_qx192js,1
dujvrGLRTlI,0
nlOF6YhAoJQ,1
0MIkv32Op6c,0
qavo5yLjYUs,1
3JslB6ws0pc,1
MCXx5saaKOk,0
K5xM1SxgD6M,0
JJ0PocoUWVI,0
RNMZD_WiAvU,0
kVXAITzqSgc,1
eevdCdOddZQ,0
BkW-4CWw3XQ,1
FDGyKHeU2Es,1
f7131IkiSCg,0
DLasTex8Vnk,1
9DVBVqVSczg,1
gTKpKBzd7jg,1
CemLiSI5ox8,0
vmLeZQk2S0s,1
UPaTwmDXLWE,1
LeVWAVZ-A8s,0
6cjNvLAvIFs,1
4r7lSsLtg3w,1
yt9E1BAQunM,1
3-uJWc5x1JE,1
TxKxj0ZWEcY,1
mMRQdL_xvME,1
KiGv9MyQF_Q,1
qb0Vd5ac82Q,0
0Ba6y1Y8JjU,1
uCXHj1i42KA,0
y9e7DFxWDRw,1
nU1jeDXloRs,0
Oa1LpwUBNAA,0
oZu2JfM2Aq8,0
yOoGw9aTRhs,0
zoGyuiyCUAQ,1
Fi51abVO4ac,0
oxjeihyxCnY,1
T2-1TBORh9k,0
PUV_2cqbrbo,1
SJZ_LT4GwQE,1
tPgwaQKNKRk,1
TLsRWN6G77I,1
7tvGPcbE8QM,1
7ZnhCcj4sXg,1
S69qPup6hyk,1
yPBDhqwT8VQ,1
Zj9qzli1K_w,1
JWuNdxTcOoQ,1
BPNUN_aCFAc,1
QV6em4mxnE8,1
EP6Qb7rzBmA,0
Ib8uNldNd-0,1
t7OQIn7Yuvc,1
6GfFdTJiRmo,0
dQD4t3hKpq0,1
CXYvATatL9o,1
-ZoqHOlSsAo,1
c1rX-5SgGsQ,1
yjU5akwca64,1
KSc0srYx9-4,1
3SessG74yMk,1
DIO5Z49vq1A,1
h67FBx5BTHw,1
mlcBwNHilHE,1
azvRjKHhpfA,1
BaXNi2csd5o,1
C7ke6vWUu18,1
r_a34DBcwCE,1
dzbazAbjk8w,1
0gBKE5MUiQc,1
OT-cPtnytxo,0
qWqlHrf4xPw,1
BLz2rixwPpA,1
WczzwUL-wHI,1
P-xb__8PGOg,0
DZ2_coKUWcc,1
47jfeR1H65g,0
JaHGV0AntOI,1
wsbd7AFY9yw,1
AIPb1OMTZ0Q,1
wrmwJx6kYKc,1
vyMggFe9WRQ,1
6Odkw-rNVK8,0
Yd1ndA1_G_A,1
ameTsITMhxo,1
zdX69cWtu6w,1
ZRdLFB-SJpA,1
E76cm56PGSM,1
I6_C4fK94-c,0
auccmqO45a8,1
Imyqnop6grY,1
_TJzHAZP9Ik,1
ETR3Jx2K8dc,1
s2wBtcmE5W8,1
R8Lo6GKT8ms,1
r2ucpHgHo1g,1
hM6ItEXb_Us,1
HETMM2g1aqU,1
yCJwIjC2cks,1
59N7WPR1YHM,1
sMRVddLzTtY,1
ExGQSMWhujY,0
xXvwu_pK2ng,1
8AZk-d0z3ws,1
2ixNkShBC5o,1
oSvVjh93suI,1
Tsi-yH9juC8,0
CR5Jp_ag2M8,1
73BHmDv4qYc,1
MJmqB9F9qyw,1
w2T2xsIYH0I,0
tT9tSWH7N7c,1
v71Epv4g6jY,1
0jzYpSrpVqU,1
qTpB6q-YJwM,1
Z7r0BMcKtFc,1
vXmHNYtFll8,0
h30PnSefeZA,0
WEP25kPtQCQ,0
SlisQPgBF2M,1
6PK-C5P6utU,1
ZNMQRruGaLM,1
TIQP5uv3D3Q,0
ZKPYtzHArlk,1
PnjqfWEL6bc,0
xJ4QJCjvN8c,1
9cb5Ka9SqGM,1
AO_t7GtXO6w,0
x1z54d9EdbY,1
cZwdCa0ynEw,1
9IuMUzCJ5m8,1
-dTb5H2Y8hA,1
r2jbK6dGLGc,1
k9Pf3nqScXM,1
oZePQEUplJs,1
eL9aiYpAyI0,1
Hcl6SiCo4kc,1
NeciZ5_hFTY,1
PBw_Ioj9ntA,1
bcokL59jeqU,1
hcBF8zYH0s0,0
G33DdYQZbas,0
lqFwyk9JNbo,1
J3WUdJECurY,1
vHIbZ0uOAL4,0
S3F7yUo1fKw,1
U_0oVOS3LC4,0
ofxfYinuKKc,1
_7WnJtSpIP4,1
V1l3TboL5MI,0
gbmIN16APS0,0
Hv-n7C1EU3U,1
UJ36_9oVTO8,1
a5SoIFm-SrQ,0
lAlJRP1W_rU,0
-DF-MgSuhQ0,1
H0AnJKKwhQ0,1
0GiMAf9q3hQ,1
JbMz0gZJCzA,1
DoJaIZ2Sajk,0
-NgmhVRFApQ,1
tFAX4TdV6ak,1
heFXl_kOugg,1
KI1Zhlsjags,1
OsJKdxPwZdk,0
C4MVQby0InQ,1
7r_DI5X5ROs,1
NiAbqHXwclo,1
xdPtumdfg9c,1
0loHtH2kL88,1
rJGOCtlPzUs,1
N6VPyUS97RM,1
OX6-X3H1Njw,1
XFdEntyO6TY,1
hweZTM7VPbk,1
LqDoPnJn9vg,0
5tbx8osZ87M,0
1TapOtfrOis,1
Ph6hXpPbl0s,1
O1p6omIzsuY,0
aAWIZFqE6L4,1
fLxSRdnGucA,0
gNtGI_D85mQ,0
UG215AsHyBg,1
AmACeERgRA4,0
cc1Ywhh7P6s,1
1IctSkdJICI,1
UlsRjhvfKJY,1
cxkqDHBoWC4,1
1g9QEQrHOMw,0
I_vzG5nYk1I,1
DL-0-Npu890,1
iN4yYrCgb0o,0
yc6dfz_gbbQ,1
qmBAF_JTwDs,1
tGxxl7LOe_4,1
yVcieIZb3_U,0
zMaW_AZpmJs,1
vn6qlQGDOIo,1
TvxsHqFPj6M,1
joAodEzeK34,1